ID,Target
TEST_0000,NAN
TEST_0001,NAN
TEST_0002,NAN
TEST_0003,NAN
TEST_0004,NAN
TEST_0005,NAN
TEST_0006,NAN
TEST_0007,NAN
TEST_0008,NAN
TEST_0009,NAN
TEST_0010,NAN
TEST_0011,NAN
TEST_0012,NAN
TEST_0013,NAN
TEST_0014,NAN
TEST_0015,NAN
TEST_0016,NAN
TEST_0017,NAN
TEST_0018,NAN
TEST_0019,NAN
TEST_0020,NAN
TEST_0021,NAN
TEST_0022,NAN
TEST_0023,NAN
TEST_0024,NAN
TEST_0025,NAN
TEST_0026,NAN
TEST_0027,NAN
TEST_0028,NAN
TEST_0029,NAN
TEST_0030,NAN
TEST_0031,NAN
TEST_0032,NAN
TEST_0033,NAN
TEST_0034,NAN
TEST_0035,NAN
TEST_0036,NAN
TEST_0037,NAN
TEST_0038,NAN
TEST_0039,NAN
TEST_0040,NAN
TEST_0041,NAN
TEST_0042,NAN
TEST_0043,NAN
TEST_0044,NAN
TEST_0045,NAN
TEST_0046,NAN
TEST_0047,NAN
TEST_0048,NAN
TEST_0049,NAN
TEST_0050,NAN
TEST_0051,NAN
TEST_0052,NAN
TEST_0053,NAN
TEST_0054,NAN
TEST_0055,NAN
TEST_0056,NAN
TEST_0057,NAN
TEST_0058,NAN
TEST_0059,NAN
TEST_0060,NAN
TEST_0061,NAN
TEST_0062,NAN
TEST_0063,NAN
TEST_0064,NAN
TEST_0065,NAN
TEST_0066,NAN
TEST_0067,NAN
TEST_0068,NAN
TEST_0069,NAN
TEST_0070,NAN
TEST_0071,NAN
TEST_0072,NAN
TEST_0073,NAN
TEST_0074,NAN
TEST_0075,NAN
TEST_0076,NAN
TEST_0077,NAN
TEST_0078,NAN
TEST_0079,NAN
TEST_0080,NAN
TEST_0081,NAN
TEST_0082,NAN
TEST_0083,NAN
TEST_0084,NAN
TEST_0085,NAN
TEST_0086,NAN
TEST_0087,NAN
TEST_0088,NAN
TEST_0089,NAN
TEST_0090,NAN
TEST_0091,NAN
TEST_0092,NAN
TEST_0093,NAN
TEST_0094,NAN
TEST_0095,NAN
TEST_0096,NAN
TEST_0097,NAN
TEST_0098,NAN
TEST_0099,NAN
TEST_0100,NAN
TEST_0101,NAN
TEST_0102,NAN
TEST_0103,NAN
TEST_0104,NAN
TEST_0105,NAN
TEST_0106,NAN
TEST_0107,NAN
TEST_0108,NAN
TEST_0109,NAN
TEST_0110,NAN
TEST_0111,NAN
TEST_0112,NAN
TEST_0113,NAN
TEST_0114,NAN
TEST_0115,NAN
TEST_0116,NAN
TEST_0117,NAN
TEST_0118,NAN
TEST_0119,NAN
TEST_0120,NAN
TEST_0121,NAN
TEST_0122,NAN
TEST_0123,NAN
TEST_0124,NAN
TEST_0125,NAN
TEST_0126,NAN
TEST_0127,NAN
TEST_0128,NAN
TEST_0129,NAN
TEST_0130,NAN
TEST_0131,NAN
TEST_0132,NAN
TEST_0133,NAN
TEST_0134,NAN
TEST_0135,NAN
TEST_0136,NAN
TEST_0137,NAN
TEST_0138,NAN
TEST_0139,NAN
TEST_0140,NAN
TEST_0141,NAN
TEST_0142,NAN
TEST_0143,NAN
TEST_0144,NAN
TEST_0145,NAN
TEST_0146,NAN
TEST_0147,NAN
TEST_0148,NAN
TEST_0149,NAN
TEST_0150,NAN
TEST_0151,NAN
TEST_0152,NAN
TEST_0153,NAN
TEST_0154,NAN
TEST_0155,NAN
TEST_0156,NAN
TEST_0157,NAN
TEST_0158,NAN
TEST_0159,NAN
TEST_0160,NAN
TEST_0161,NAN
TEST_0162,NAN
TEST_0163,NAN
TEST_0164,NAN
TEST_0165,NAN
TEST_0166,NAN
TEST_0167,NAN
TEST_0168,NAN
TEST_0169,NAN
TEST_0170,NAN
TEST_0171,NAN
TEST_0172,NAN
TEST_0173,NAN
TEST_0174,NAN
TEST_0175,NAN
TEST_0176,NAN
TEST_0177,NAN
TEST_0178,NAN
TEST_0179,NAN
TEST_0180,NAN
TEST_0181,NAN
TEST_0182,NAN
TEST_0183,NAN
TEST_0184,NAN
TEST_0185,NAN
TEST_0186,NAN
TEST_0187,NAN
TEST_0188,NAN
TEST_0189,NAN
TEST_0190,NAN
TEST_0191,NAN
TEST_0192,NAN
TEST_0193,NAN
TEST_0194,NAN
TEST_0195,NAN
TEST_0196,NAN
TEST_0197,NAN
TEST_0198,NAN
TEST_0199,NAN
TEST_0200,NAN
TEST_0201,NAN
TEST_0202,NAN
TEST_0203,NAN
TEST_0204,NAN
TEST_0205,NAN
TEST_0206,NAN
TEST_0207,NAN
TEST_0208,NAN
TEST_0209,NAN
TEST_0210,NAN
TEST_0211,NAN
TEST_0212,NAN
TEST_0213,NAN
TEST_0214,NAN
TEST_0215,NAN
TEST_0216,NAN
TEST_0217,NAN
TEST_0218,NAN
TEST_0219,NAN
TEST_0220,NAN
TEST_0221,NAN
TEST_0222,NAN
TEST_0223,NAN
TEST_0224,NAN
TEST_0225,NAN
TEST_0226,NAN
TEST_0227,NAN
TEST_0228,NAN
TEST_0229,NAN
TEST_0230,NAN
TEST_0231,NAN
TEST_0232,NAN
TEST_0233,NAN
TEST_0234,NAN
TEST_0235,NAN
TEST_0236,NAN
TEST_0237,NAN
TEST_0238,NAN
TEST_0239,NAN
TEST_0240,NAN
TEST_0241,NAN
TEST_0242,NAN
TEST_0243,NAN
TEST_0244,NAN
TEST_0245,NAN
TEST_0246,NAN
TEST_0247,NAN
TEST_0248,NAN
TEST_0249,NAN
TEST_0250,NAN
TEST_0251,NAN
TEST_0252,NAN
TEST_0253,NAN
TEST_0254,NAN
TEST_0255,NAN
TEST_0256,NAN
TEST_0257,NAN
TEST_0258,NAN
TEST_0259,NAN
TEST_0260,NAN
TEST_0261,NAN
TEST_0262,NAN
TEST_0263,NAN
TEST_0264,NAN
TEST_0265,NAN
TEST_0266,NAN
TEST_0267,NAN
TEST_0268,NAN
TEST_0269,NAN
TEST_0270,NAN
TEST_0271,NAN
TEST_0272,NAN
TEST_0273,NAN
TEST_0274,NAN
TEST_0275,NAN
TEST_0276,NAN
TEST_0277,NAN
TEST_0278,NAN
TEST_0279,NAN
TEST_0280,NAN
TEST_0281,NAN
TEST_0282,NAN
TEST_0283,NAN
TEST_0284,NAN
TEST_0285,NAN
TEST_0286,NAN
TEST_0287,NAN
TEST_0288,NAN
TEST_0289,NAN
TEST_0290,NAN
TEST_0291,NAN
TEST_0292,NAN
TEST_0293,NAN
TEST_0294,NAN
TEST_0295,NAN
TEST_0296,NAN
TEST_0297,NAN
TEST_0298,NAN
TEST_0299,NAN
TEST_0300,NAN
TEST_0301,NAN
TEST_0302,NAN
TEST_0303,NAN
TEST_0304,NAN
TEST_0305,NAN
TEST_0306,NAN
TEST_0307,NAN
TEST_0308,NAN
TEST_0309,NAN
TEST_0310,NAN
TEST_0311,NAN
TEST_0312,NAN
TEST_0313,NAN
TEST_0314,NAN
TEST_0315,NAN
TEST_0316,NAN
TEST_0317,NAN
TEST_0318,NAN
TEST_0319,NAN
TEST_0320,NAN
TEST_0321,NAN
TEST_0322,NAN
TEST_0323,NAN
TEST_0324,NAN
TEST_0325,NAN
TEST_0326,NAN
TEST_0327,NAN
TEST_0328,NAN
TEST_0329,NAN
TEST_0330,NAN
TEST_0331,NAN
TEST_0332,NAN
TEST_0333,NAN
TEST_0334,NAN
TEST_0335,NAN
TEST_0336,NAN
TEST_0337,NAN
TEST_0338,NAN
TEST_0339,NAN
TEST_0340,NAN
TEST_0341,NAN
TEST_0342,NAN
TEST_0343,NAN
TEST_0344,NAN
TEST_0345,NAN
TEST_0346,NAN
TEST_0347,NAN
TEST_0348,NAN
TEST_0349,NAN
TEST_0350,NAN
TEST_0351,NAN
TEST_0352,NAN
TEST_0353,NAN
TEST_0354,NAN
TEST_0355,NAN
TEST_0356,NAN
TEST_0357,NAN
TEST_0358,NAN
TEST_0359,NAN
TEST_0360,NAN
TEST_0361,NAN
TEST_0362,NAN
TEST_0363,NAN
TEST_0364,NAN
TEST_0365,NAN
TEST_0366,NAN
TEST_0367,NAN
TEST_0368,NAN
TEST_0369,NAN
TEST_0370,NAN
TEST_0371,NAN
TEST_0372,NAN
TEST_0373,NAN
TEST_0374,NAN
TEST_0375,NAN
TEST_0376,NAN
TEST_0377,NAN
TEST_0378,NAN
TEST_0379,NAN
TEST_0380,NAN
TEST_0381,NAN
TEST_0382,NAN
TEST_0383,NAN
TEST_0384,NAN
TEST_0385,NAN
TEST_0386,NAN
TEST_0387,NAN
TEST_0388,NAN
TEST_0389,NAN
TEST_0390,NAN
TEST_0391,NAN
TEST_0392,NAN
TEST_0393,NAN
TEST_0394,NAN
TEST_0395,NAN
TEST_0396,NAN
TEST_0397,NAN
TEST_0398,NAN
TEST_0399,NAN
TEST_0400,NAN
TEST_0401,NAN
TEST_0402,NAN
TEST_0403,NAN
TEST_0404,NAN
TEST_0405,NAN
TEST_0406,NAN
TEST_0407,NAN
TEST_0408,NAN
TEST_0409,NAN
TEST_0410,NAN
TEST_0411,NAN
TEST_0412,NAN
TEST_0413,NAN
TEST_0414,NAN
TEST_0415,NAN
TEST_0416,NAN
TEST_0417,NAN
TEST_0418,NAN
TEST_0419,NAN
TEST_0420,NAN
TEST_0421,NAN
TEST_0422,NAN
TEST_0423,NAN
TEST_0424,NAN
TEST_0425,NAN
TEST_0426,NAN
TEST_0427,NAN
TEST_0428,NAN
TEST_0429,NAN
TEST_0430,NAN
TEST_0431,NAN
TEST_0432,NAN
TEST_0433,NAN
TEST_0434,NAN
TEST_0435,NAN
TEST_0436,NAN
TEST_0437,NAN
TEST_0438,NAN
TEST_0439,NAN
TEST_0440,NAN
TEST_0441,NAN
TEST_0442,NAN
TEST_0443,NAN
TEST_0444,NAN
TEST_0445,NAN
TEST_0446,NAN
TEST_0447,NAN
TEST_0448,NAN
TEST_0449,NAN
TEST_0450,NAN
TEST_0451,NAN
TEST_0452,NAN
TEST_0453,NAN
TEST_0454,NAN
TEST_0455,NAN
TEST_0456,NAN
TEST_0457,NAN
TEST_0458,NAN
TEST_0459,NAN
TEST_0460,NAN
TEST_0461,NAN
TEST_0462,NAN
TEST_0463,NAN
TEST_0464,NAN
TEST_0465,NAN
TEST_0466,NAN
TEST_0467,NAN
TEST_0468,NAN
TEST_0469,NAN
TEST_0470,NAN
TEST_0471,NAN
TEST_0472,NAN
TEST_0473,NAN
TEST_0474,NAN
TEST_0475,NAN
TEST_0476,NAN
TEST_0477,NAN
TEST_0478,NAN
TEST_0479,NAN
TEST_0480,NAN
TEST_0481,NAN
TEST_0482,NAN
TEST_0483,NAN
TEST_0484,NAN
TEST_0485,NAN
TEST_0486,NAN
TEST_0487,NAN
TEST_0488,NAN
TEST_0489,NAN
TEST_0490,NAN
TEST_0491,NAN
TEST_0492,NAN
TEST_0493,NAN
TEST_0494,NAN
TEST_0495,NAN
TEST_0496,NAN
TEST_0497,NAN
TEST_0498,NAN
TEST_0499,NAN
TEST_0500,NAN
TEST_0501,NAN
TEST_0502,NAN
TEST_0503,NAN
TEST_0504,NAN
TEST_0505,NAN
TEST_0506,NAN
TEST_0507,NAN
TEST_0508,NAN
TEST_0509,NAN
TEST_0510,NAN
TEST_0511,NAN
TEST_0512,NAN
TEST_0513,NAN
TEST_0514,NAN
TEST_0515,NAN
TEST_0516,NAN
TEST_0517,NAN
TEST_0518,NAN
TEST_0519,NAN
TEST_0520,NAN
TEST_0521,NAN
TEST_0522,NAN
TEST_0523,NAN
TEST_0524,NAN
TEST_0525,NAN
TEST_0526,NAN
TEST_0527,NAN
TEST_0528,NAN
TEST_0529,NAN
TEST_0530,NAN
TEST_0531,NAN
TEST_0532,NAN
TEST_0533,NAN
TEST_0534,NAN
TEST_0535,NAN
TEST_0536,NAN
TEST_0537,NAN
TEST_0538,NAN
TEST_0539,NAN
TEST_0540,NAN
TEST_0541,NAN
TEST_0542,NAN
TEST_0543,NAN
TEST_0544,NAN
TEST_0545,NAN
TEST_0546,NAN
TEST_0547,NAN
TEST_0548,NAN
TEST_0549,NAN
TEST_0550,NAN
TEST_0551,NAN
TEST_0552,NAN
TEST_0553,NAN
TEST_0554,NAN
TEST_0555,NAN
TEST_0556,NAN
TEST_0557,NAN
TEST_0558,NAN
TEST_0559,NAN
TEST_0560,NAN
TEST_0561,NAN
TEST_0562,NAN
TEST_0563,NAN
TEST_0564,NAN
TEST_0565,NAN
TEST_0566,NAN
TEST_0567,NAN
TEST_0568,NAN
TEST_0569,NAN
TEST_0570,NAN
TEST_0571,NAN
TEST_0572,NAN
TEST_0573,NAN
TEST_0574,NAN
TEST_0575,NAN
TEST_0576,NAN
TEST_0577,NAN
TEST_0578,NAN
TEST_0579,NAN
TEST_0580,NAN
TEST_0581,NAN
TEST_0582,NAN
TEST_0583,NAN
TEST_0584,NAN
TEST_0585,NAN
TEST_0586,NAN
TEST_0587,NAN
TEST_0588,NAN
TEST_0589,NAN
TEST_0590,NAN
TEST_0591,NAN
TEST_0592,NAN
TEST_0593,NAN
TEST_0594,NAN
TEST_0595,NAN
TEST_0596,NAN
TEST_0597,NAN
TEST_0598,NAN
TEST_0599,NAN
TEST_0600,NAN
TEST_0601,NAN
TEST_0602,NAN
TEST_0603,NAN
TEST_0604,NAN
TEST_0605,NAN
TEST_0606,NAN
TEST_0607,NAN
TEST_0608,NAN
TEST_0609,NAN
TEST_0610,NAN
TEST_0611,NAN
TEST_0612,NAN
TEST_0613,NAN
TEST_0614,NAN
TEST_0615,NAN
TEST_0616,NAN
TEST_0617,NAN
TEST_0618,NAN
TEST_0619,NAN
TEST_0620,NAN
TEST_0621,NAN
TEST_0622,NAN
TEST_0623,NAN
TEST_0624,NAN
TEST_0625,NAN
TEST_0626,NAN
TEST_0627,NAN
TEST_0628,NAN
TEST_0629,NAN
TEST_0630,NAN
TEST_0631,NAN
TEST_0632,NAN
TEST_0633,NAN
TEST_0634,NAN
TEST_0635,NAN
TEST_0636,NAN
TEST_0637,NAN
TEST_0638,NAN
TEST_0639,NAN
TEST_0640,NAN
TEST_0641,NAN
TEST_0642,NAN
TEST_0643,NAN
TEST_0644,NAN
TEST_0645,NAN
TEST_0646,NAN
TEST_0647,NAN
TEST_0648,NAN
TEST_0649,NAN
TEST_0650,NAN
TEST_0651,NAN
TEST_0652,NAN
TEST_0653,NAN
TEST_0654,NAN
TEST_0655,NAN
TEST_0656,NAN
TEST_0657,NAN
TEST_0658,NAN
TEST_0659,NAN
TEST_0660,NAN
TEST_0661,NAN
TEST_0662,NAN
TEST_0663,NAN
TEST_0664,NAN
TEST_0665,NAN
TEST_0666,NAN
TEST_0667,NAN
TEST_0668,NAN
TEST_0669,NAN
TEST_0670,NAN
TEST_0671,NAN
TEST_0672,NAN
TEST_0673,NAN
TEST_0674,NAN
TEST_0675,NAN
TEST_0676,NAN
TEST_0677,NAN
TEST_0678,NAN
TEST_0679,NAN
TEST_0680,NAN
TEST_0681,NAN
TEST_0682,NAN
TEST_0683,NAN
TEST_0684,NAN
TEST_0685,NAN
TEST_0686,NAN
TEST_0687,NAN
TEST_0688,NAN
TEST_0689,NAN
TEST_0690,NAN
TEST_0691,NAN
TEST_0692,NAN
TEST_0693,NAN
TEST_0694,NAN
TEST_0695,NAN
TEST_0696,NAN
TEST_0697,NAN
TEST_0698,NAN
TEST_0699,NAN
TEST_0700,NAN
TEST_0701,NAN
TEST_0702,NAN
TEST_0703,NAN
TEST_0704,NAN
TEST_0705,NAN
TEST_0706,NAN
TEST_0707,NAN
TEST_0708,NAN
TEST_0709,NAN
TEST_0710,NAN
TEST_0711,NAN
TEST_0712,NAN
TEST_0713,NAN
TEST_0714,NAN
TEST_0715,NAN
TEST_0716,NAN
TEST_0717,NAN
TEST_0718,NAN
TEST_0719,NAN
TEST_0720,NAN
TEST_0721,NAN
TEST_0722,NAN
TEST_0723,NAN
TEST_0724,NAN
TEST_0725,NAN
TEST_0726,NAN
TEST_0727,NAN
TEST_0728,NAN
TEST_0729,NAN
TEST_0730,NAN
TEST_0731,NAN
TEST_0732,NAN
TEST_0733,NAN
TEST_0734,NAN
TEST_0735,NAN
TEST_0736,NAN
TEST_0737,NAN
TEST_0738,NAN
TEST_0739,NAN
TEST_0740,NAN
TEST_0741,NAN
TEST_0742,NAN
TEST_0743,NAN
TEST_0744,NAN
TEST_0745,NAN
TEST_0746,NAN
TEST_0747,NAN
TEST_0748,NAN
TEST_0749,NAN
TEST_0750,NAN
TEST_0751,NAN
TEST_0752,NAN
TEST_0753,NAN
TEST_0754,NAN
TEST_0755,NAN
TEST_0756,NAN
TEST_0757,NAN
TEST_0758,NAN
TEST_0759,NAN
TEST_0760,NAN
TEST_0761,NAN
TEST_0762,NAN
TEST_0763,NAN
TEST_0764,NAN
TEST_0765,NAN
TEST_0766,NAN
TEST_0767,NAN
TEST_0768,NAN
TEST_0769,NAN
TEST_0770,NAN
TEST_0771,NAN
TEST_0772,NAN
TEST_0773,NAN
TEST_0774,NAN
TEST_0775,NAN
TEST_0776,NAN
TEST_0777,NAN
TEST_0778,NAN
TEST_0779,NAN
TEST_0780,NAN
TEST_0781,NAN
TEST_0782,NAN
TEST_0783,NAN
TEST_0784,NAN
TEST_0785,NAN
TEST_0786,NAN
TEST_0787,NAN
TEST_0788,NAN
TEST_0789,NAN
TEST_0790,NAN
TEST_0791,NAN
TEST_0792,NAN
TEST_0793,NAN
TEST_0794,NAN
TEST_0795,NAN
TEST_0796,NAN
TEST_0797,NAN
TEST_0798,NAN
TEST_0799,NAN
TEST_0800,NAN
TEST_0801,NAN
TEST_0802,NAN
TEST_0803,NAN
TEST_0804,NAN
TEST_0805,NAN
TEST_0806,NAN
TEST_0807,NAN
TEST_0808,NAN
TEST_0809,NAN
TEST_0810,NAN
TEST_0811,NAN
TEST_0812,NAN
TEST_0813,NAN
TEST_0814,NAN
TEST_0815,NAN
TEST_0816,NAN
TEST_0817,NAN
TEST_0818,NAN
TEST_0819,NAN
TEST_0820,NAN
TEST_0821,NAN
TEST_0822,NAN
TEST_0823,NAN
TEST_0824,NAN
TEST_0825,NAN
TEST_0826,NAN
TEST_0827,NAN
TEST_0828,NAN
TEST_0829,NAN
TEST_0830,NAN
TEST_0831,NAN
TEST_0832,NAN
TEST_0833,NAN
TEST_0834,NAN
TEST_0835,NAN
TEST_0836,NAN
TEST_0837,NAN
TEST_0838,NAN
TEST_0839,NAN
TEST_0840,NAN
TEST_0841,NAN
TEST_0842,NAN
TEST_0843,NAN
TEST_0844,NAN
TEST_0845,NAN
TEST_0846,NAN
TEST_0847,NAN
TEST_0848,NAN
TEST_0849,NAN
TEST_0850,NAN
TEST_0851,NAN
TEST_0852,NAN
TEST_0853,NAN
TEST_0854,NAN
TEST_0855,NAN
TEST_0856,NAN
TEST_0857,NAN
TEST_0858,NAN
TEST_0859,NAN
TEST_0860,NAN
TEST_0861,NAN
TEST_0862,NAN
TEST_0863,NAN
TEST_0864,NAN
TEST_0865,NAN
TEST_0866,NAN
TEST_0867,NAN
TEST_0868,NAN
TEST_0869,NAN
TEST_0870,NAN
TEST_0871,NAN
TEST_0872,NAN
TEST_0873,NAN
TEST_0874,NAN
TEST_0875,NAN
TEST_0876,NAN
TEST_0877,NAN
TEST_0878,NAN
TEST_0879,NAN
TEST_0880,NAN
TEST_0881,NAN
TEST_0882,NAN
TEST_0883,NAN
TEST_0884,NAN
TEST_0885,NAN
TEST_0886,NAN
TEST_0887,NAN
TEST_0888,NAN
TEST_0889,NAN
TEST_0890,NAN
TEST_0891,NAN
TEST_0892,NAN
TEST_0893,NAN
TEST_0894,NAN
TEST_0895,NAN
TEST_0896,NAN
TEST_0897,NAN
TEST_0898,NAN
TEST_0899,NAN
TEST_0900,NAN
TEST_0901,NAN
TEST_0902,NAN
TEST_0903,NAN
TEST_0904,NAN
TEST_0905,NAN
TEST_0906,NAN
TEST_0907,NAN
TEST_0908,NAN
TEST_0909,NAN
TEST_0910,NAN
TEST_0911,NAN
TEST_0912,NAN
TEST_0913,NAN
TEST_0914,NAN
TEST_0915,NAN
TEST_0916,NAN
TEST_0917,NAN
TEST_0918,NAN
TEST_0919,NAN
TEST_0920,NAN
TEST_0921,NAN
TEST_0922,NAN
TEST_0923,NAN
TEST_0924,NAN
TEST_0925,NAN
TEST_0926,NAN
TEST_0927,NAN
TEST_0928,NAN
TEST_0929,NAN
TEST_0930,NAN
TEST_0931,NAN
TEST_0932,NAN
TEST_0933,NAN
TEST_0934,NAN
TEST_0935,NAN
TEST_0936,NAN
TEST_0937,NAN
TEST_0938,NAN
TEST_0939,NAN
TEST_0940,NAN
TEST_0941,NAN
TEST_0942,NAN
TEST_0943,NAN
TEST_0944,NAN
TEST_0945,NAN
TEST_0946,NAN
TEST_0947,NAN
TEST_0948,NAN
TEST_0949,NAN
TEST_0950,NAN
TEST_0951,NAN
TEST_0952,NAN
TEST_0953,NAN
TEST_0954,NAN
TEST_0955,NAN
TEST_0956,NAN
TEST_0957,NAN
TEST_0958,NAN
TEST_0959,NAN
TEST_0960,NAN
TEST_0961,NAN
TEST_0962,NAN
TEST_0963,NAN
TEST_0964,NAN
TEST_0965,NAN
TEST_0966,NAN
TEST_0967,NAN
TEST_0968,NAN
TEST_0969,NAN
TEST_0970,NAN
TEST_0971,NAN
TEST_0972,NAN
TEST_0973,NAN
TEST_0974,NAN
TEST_0975,NAN
TEST_0976,NAN
TEST_0977,NAN
TEST_0978,NAN
TEST_0979,NAN
TEST_0980,NAN
TEST_0981,NAN
TEST_0982,NAN
TEST_0983,NAN
TEST_0984,NAN
TEST_0985,NAN
TEST_0986,NAN
TEST_0987,NAN
TEST_0988,NAN
TEST_0989,NAN
TEST_0990,NAN
TEST_0991,NAN
TEST_0992,NAN
TEST_0993,NAN
TEST_0994,NAN
TEST_0995,NAN
TEST_0996,NAN
TEST_0997,NAN
TEST_0998,NAN
TEST_0999,NAN
TEST_1000,NAN
TEST_1001,NAN
TEST_1002,NAN
TEST_1003,NAN
TEST_1004,NAN
TEST_1005,NAN
TEST_1006,NAN
TEST_1007,NAN
TEST_1008,NAN
TEST_1009,NAN
TEST_1010,NAN
TEST_1011,NAN
TEST_1012,NAN
TEST_1013,NAN
TEST_1014,NAN
TEST_1015,NAN
TEST_1016,NAN
TEST_1017,NAN
TEST_1018,NAN
TEST_1019,NAN
TEST_1020,NAN
TEST_1021,NAN
TEST_1022,NAN
TEST_1023,NAN
TEST_1024,NAN
TEST_1025,NAN
TEST_1026,NAN
TEST_1027,NAN
TEST_1028,NAN
TEST_1029,NAN
TEST_1030,NAN
TEST_1031,NAN
TEST_1032,NAN
TEST_1033,NAN
TEST_1034,NAN
TEST_1035,NAN
TEST_1036,NAN
TEST_1037,NAN
TEST_1038,NAN
TEST_1039,NAN
TEST_1040,NAN
TEST_1041,NAN
TEST_1042,NAN
TEST_1043,NAN
TEST_1044,NAN
TEST_1045,NAN
TEST_1046,NAN
TEST_1047,NAN
TEST_1048,NAN
TEST_1049,NAN
TEST_1050,NAN
TEST_1051,NAN
TEST_1052,NAN
TEST_1053,NAN
TEST_1054,NAN
TEST_1055,NAN
TEST_1056,NAN
TEST_1057,NAN
TEST_1058,NAN
TEST_1059,NAN
TEST_1060,NAN
TEST_1061,NAN
TEST_1062,NAN
TEST_1063,NAN
TEST_1064,NAN
TEST_1065,NAN
TEST_1066,NAN
TEST_1067,NAN
TEST_1068,NAN
TEST_1069,NAN
TEST_1070,NAN
TEST_1071,NAN
TEST_1072,NAN
TEST_1073,NAN
TEST_1074,NAN
TEST_1075,NAN
TEST_1076,NAN
TEST_1077,NAN
TEST_1078,NAN
TEST_1079,NAN
TEST_1080,NAN
TEST_1081,NAN
TEST_1082,NAN
TEST_1083,NAN
TEST_1084,NAN
TEST_1085,NAN
TEST_1086,NAN
TEST_1087,NAN
TEST_1088,NAN
TEST_1089,NAN
TEST_1090,NAN
TEST_1091,NAN
TEST_1092,NAN
TEST_1093,NAN
TEST_1094,NAN
TEST_1095,NAN
TEST_1096,NAN
TEST_1097,NAN
TEST_1098,NAN
TEST_1099,NAN
TEST_1100,NAN
TEST_1101,NAN
TEST_1102,NAN
TEST_1103,NAN
TEST_1104,NAN
TEST_1105,NAN
TEST_1106,NAN
TEST_1107,NAN
TEST_1108,NAN
TEST_1109,NAN
TEST_1110,NAN
TEST_1111,NAN
TEST_1112,NAN
TEST_1113,NAN
TEST_1114,NAN
TEST_1115,NAN
TEST_1116,NAN
TEST_1117,NAN
TEST_1118,NAN
TEST_1119,NAN
TEST_1120,NAN
TEST_1121,NAN
TEST_1122,NAN
TEST_1123,NAN
TEST_1124,NAN
TEST_1125,NAN
TEST_1126,NAN
TEST_1127,NAN
TEST_1128,NAN
TEST_1129,NAN
TEST_1130,NAN
TEST_1131,NAN
TEST_1132,NAN
TEST_1133,NAN
TEST_1134,NAN
TEST_1135,NAN
TEST_1136,NAN
TEST_1137,NAN
TEST_1138,NAN
TEST_1139,NAN
TEST_1140,NAN
TEST_1141,NAN
TEST_1142,NAN
TEST_1143,NAN
TEST_1144,NAN
TEST_1145,NAN
TEST_1146,NAN
TEST_1147,NAN
TEST_1148,NAN
TEST_1149,NAN
TEST_1150,NAN
TEST_1151,NAN
TEST_1152,NAN
TEST_1153,NAN
TEST_1154,NAN
TEST_1155,NAN
TEST_1156,NAN
TEST_1157,NAN
TEST_1158,NAN
TEST_1159,NAN
TEST_1160,NAN
TEST_1161,NAN
TEST_1162,NAN
TEST_1163,NAN
TEST_1164,NAN
TEST_1165,NAN
TEST_1166,NAN
TEST_1167,NAN
TEST_1168,NAN
TEST_1169,NAN
TEST_1170,NAN
TEST_1171,NAN
TEST_1172,NAN
TEST_1173,NAN
TEST_1174,NAN
TEST_1175,NAN
TEST_1176,NAN
TEST_1177,NAN
TEST_1178,NAN
TEST_1179,NAN
TEST_1180,NAN
TEST_1181,NAN
TEST_1182,NAN
TEST_1183,NAN
TEST_1184,NAN
TEST_1185,NAN
TEST_1186,NAN
TEST_1187,NAN
TEST_1188,NAN
TEST_1189,NAN
TEST_1190,NAN
TEST_1191,NAN
TEST_1192,NAN
TEST_1193,NAN
TEST_1194,NAN
TEST_1195,NAN
TEST_1196,NAN
TEST_1197,NAN
TEST_1198,NAN
TEST_1199,NAN
TEST_1200,NAN
TEST_1201,NAN
TEST_1202,NAN
TEST_1203,NAN
TEST_1204,NAN
TEST_1205,NAN
TEST_1206,NAN
TEST_1207,NAN
TEST_1208,NAN
TEST_1209,NAN
TEST_1210,NAN
TEST_1211,NAN
TEST_1212,NAN
TEST_1213,NAN
TEST_1214,NAN
TEST_1215,NAN
TEST_1216,NAN
TEST_1217,NAN
TEST_1218,NAN
TEST_1219,NAN
TEST_1220,NAN
TEST_1221,NAN
TEST_1222,NAN
TEST_1223,NAN
TEST_1224,NAN
TEST_1225,NAN
TEST_1226,NAN
TEST_1227,NAN
TEST_1228,NAN
TEST_1229,NAN
TEST_1230,NAN
TEST_1231,NAN
TEST_1232,NAN
TEST_1233,NAN
TEST_1234,NAN
TEST_1235,NAN
TEST_1236,NAN
TEST_1237,NAN
TEST_1238,NAN
TEST_1239,NAN
TEST_1240,NAN
TEST_1241,NAN
TEST_1242,NAN
TEST_1243,NAN
TEST_1244,NAN
TEST_1245,NAN
TEST_1246,NAN
TEST_1247,NAN
TEST_1248,NAN
TEST_1249,NAN
TEST_1250,NAN
TEST_1251,NAN
TEST_1252,NAN
TEST_1253,NAN
TEST_1254,NAN
TEST_1255,NAN
TEST_1256,NAN
TEST_1257,NAN
TEST_1258,NAN
TEST_1259,NAN
TEST_1260,NAN
TEST_1261,NAN
TEST_1262,NAN
TEST_1263,NAN
TEST_1264,NAN
TEST_1265,NAN
TEST_1266,NAN
TEST_1267,NAN
TEST_1268,NAN
TEST_1269,NAN
TEST_1270,NAN
TEST_1271,NAN
TEST_1272,NAN
TEST_1273,NAN
TEST_1274,NAN
TEST_1275,NAN
TEST_1276,NAN
TEST_1277,NAN
TEST_1278,NAN
TEST_1279,NAN
TEST_1280,NAN
TEST_1281,NAN
TEST_1282,NAN
TEST_1283,NAN
TEST_1284,NAN
TEST_1285,NAN
TEST_1286,NAN
TEST_1287,NAN
TEST_1288,NAN
TEST_1289,NAN
TEST_1290,NAN
TEST_1291,NAN
TEST_1292,NAN
TEST_1293,NAN
TEST_1294,NAN
TEST_1295,NAN
TEST_1296,NAN
TEST_1297,NAN
TEST_1298,NAN
TEST_1299,NAN
TEST_1300,NAN
TEST_1301,NAN
TEST_1302,NAN
TEST_1303,NAN
TEST_1304,NAN
TEST_1305,NAN
TEST_1306,NAN
TEST_1307,NAN
TEST_1308,NAN
TEST_1309,NAN
TEST_1310,NAN
TEST_1311,NAN
TEST_1312,NAN
TEST_1313,NAN
TEST_1314,NAN
TEST_1315,NAN
TEST_1316,NAN
TEST_1317,NAN
TEST_1318,NAN
TEST_1319,NAN
TEST_1320,NAN
TEST_1321,NAN
TEST_1322,NAN
TEST_1323,NAN
TEST_1324,NAN
TEST_1325,NAN
TEST_1326,NAN
TEST_1327,NAN
TEST_1328,NAN
TEST_1329,NAN
TEST_1330,NAN
TEST_1331,NAN
TEST_1332,NAN
TEST_1333,NAN
TEST_1334,NAN
TEST_1335,NAN
TEST_1336,NAN
TEST_1337,NAN
TEST_1338,NAN
TEST_1339,NAN
TEST_1340,NAN
TEST_1341,NAN
TEST_1342,NAN
TEST_1343,NAN
TEST_1344,NAN
TEST_1345,NAN
TEST_1346,NAN
TEST_1347,NAN
TEST_1348,NAN
TEST_1349,NAN
TEST_1350,NAN
TEST_1351,NAN
TEST_1352,NAN
TEST_1353,NAN
TEST_1354,NAN
TEST_1355,NAN
TEST_1356,NAN
TEST_1357,NAN
TEST_1358,NAN
TEST_1359,NAN
TEST_1360,NAN
TEST_1361,NAN
TEST_1362,NAN
TEST_1363,NAN
TEST_1364,NAN
TEST_1365,NAN
TEST_1366,NAN
TEST_1367,NAN
TEST_1368,NAN
TEST_1369,NAN
TEST_1370,NAN
TEST_1371,NAN
TEST_1372,NAN
TEST_1373,NAN
TEST_1374,NAN
TEST_1375,NAN
TEST_1376,NAN
TEST_1377,NAN
TEST_1378,NAN
TEST_1379,NAN
TEST_1380,NAN
TEST_1381,NAN
TEST_1382,NAN
TEST_1383,NAN
TEST_1384,NAN
TEST_1385,NAN
TEST_1386,NAN
TEST_1387,NAN
TEST_1388,NAN
TEST_1389,NAN
TEST_1390,NAN
TEST_1391,NAN
TEST_1392,NAN
TEST_1393,NAN
TEST_1394,NAN
TEST_1395,NAN
TEST_1396,NAN
TEST_1397,NAN
TEST_1398,NAN
TEST_1399,NAN
TEST_1400,NAN
TEST_1401,NAN
TEST_1402,NAN
TEST_1403,NAN
TEST_1404,NAN
TEST_1405,NAN
TEST_1406,NAN
TEST_1407,NAN
TEST_1408,NAN
TEST_1409,NAN
TEST_1410,NAN
TEST_1411,NAN
TEST_1412,NAN
TEST_1413,NAN
TEST_1414,NAN
TEST_1415,NAN
TEST_1416,NAN
TEST_1417,NAN
TEST_1418,NAN
TEST_1419,NAN
TEST_1420,NAN
TEST_1421,NAN
TEST_1422,NAN
TEST_1423,NAN
TEST_1424,NAN
TEST_1425,NAN
TEST_1426,NAN
TEST_1427,NAN
TEST_1428,NAN
TEST_1429,NAN
TEST_1430,NAN
TEST_1431,NAN
TEST_1432,NAN
TEST_1433,NAN
TEST_1434,NAN
TEST_1435,NAN
TEST_1436,NAN
TEST_1437,NAN
TEST_1438,NAN
TEST_1439,NAN
TEST_1440,NAN
TEST_1441,NAN
TEST_1442,NAN
TEST_1443,NAN
TEST_1444,NAN
TEST_1445,NAN
TEST_1446,NAN
TEST_1447,NAN
TEST_1448,NAN
TEST_1449,NAN
TEST_1450,NAN
TEST_1451,NAN
TEST_1452,NAN
TEST_1453,NAN
TEST_1454,NAN
TEST_1455,NAN
TEST_1456,NAN
TEST_1457,NAN
TEST_1458,NAN
TEST_1459,NAN
TEST_1460,NAN
TEST_1461,NAN
TEST_1462,NAN
TEST_1463,NAN
TEST_1464,NAN
TEST_1465,NAN
TEST_1466,NAN
TEST_1467,NAN
TEST_1468,NAN
TEST_1469,NAN
TEST_1470,NAN
TEST_1471,NAN
TEST_1472,NAN
TEST_1473,NAN
TEST_1474,NAN
TEST_1475,NAN
TEST_1476,NAN
TEST_1477,NAN
TEST_1478,NAN
TEST_1479,NAN
TEST_1480,NAN
TEST_1481,NAN
TEST_1482,NAN
TEST_1483,NAN
TEST_1484,NAN
TEST_1485,NAN
TEST_1486,NAN
TEST_1487,NAN
TEST_1488,NAN
TEST_1489,NAN
TEST_1490,NAN
TEST_1491,NAN
TEST_1492,NAN
TEST_1493,NAN
TEST_1494,NAN
TEST_1495,NAN
TEST_1496,NAN
TEST_1497,NAN
TEST_1498,NAN
TEST_1499,NAN
TEST_1500,NAN
TEST_1501,NAN
TEST_1502,NAN
TEST_1503,NAN
TEST_1504,NAN
TEST_1505,NAN
TEST_1506,NAN
TEST_1507,NAN
TEST_1508,NAN
TEST_1509,NAN
TEST_1510,NAN
TEST_1511,NAN
TEST_1512,NAN
TEST_1513,NAN
TEST_1514,NAN
TEST_1515,NAN
TEST_1516,NAN
TEST_1517,NAN
TEST_1518,NAN
TEST_1519,NAN
TEST_1520,NAN
TEST_1521,NAN
TEST_1522,NAN
TEST_1523,NAN
TEST_1524,NAN
TEST_1525,NAN
TEST_1526,NAN
TEST_1527,NAN
TEST_1528,NAN
TEST_1529,NAN
TEST_1530,NAN
TEST_1531,NAN
TEST_1532,NAN
TEST_1533,NAN
TEST_1534,NAN
TEST_1535,NAN
TEST_1536,NAN
TEST_1537,NAN
TEST_1538,NAN
TEST_1539,NAN
TEST_1540,NAN
TEST_1541,NAN
TEST_1542,NAN
TEST_1543,NAN
TEST_1544,NAN
TEST_1545,NAN
TEST_1546,NAN
TEST_1547,NAN
TEST_1548,NAN
TEST_1549,NAN
TEST_1550,NAN
TEST_1551,NAN
TEST_1552,NAN
TEST_1553,NAN
TEST_1554,NAN
TEST_1555,NAN
TEST_1556,NAN
TEST_1557,NAN
TEST_1558,NAN
TEST_1559,NAN
TEST_1560,NAN
TEST_1561,NAN
TEST_1562,NAN
TEST_1563,NAN
TEST_1564,NAN
TEST_1565,NAN
TEST_1566,NAN
TEST_1567,NAN
TEST_1568,NAN
TEST_1569,NAN
TEST_1570,NAN
TEST_1571,NAN
TEST_1572,NAN
TEST_1573,NAN
TEST_1574,NAN
TEST_1575,NAN
TEST_1576,NAN
TEST_1577,NAN
TEST_1578,NAN
TEST_1579,NAN
TEST_1580,NAN
TEST_1581,NAN
TEST_1582,NAN
TEST_1583,NAN
TEST_1584,NAN
TEST_1585,NAN
TEST_1586,NAN
TEST_1587,NAN
TEST_1588,NAN
TEST_1589,NAN
TEST_1590,NAN
TEST_1591,NAN
TEST_1592,NAN
TEST_1593,NAN
TEST_1594,NAN
TEST_1595,NAN
TEST_1596,NAN
TEST_1597,NAN
TEST_1598,NAN
TEST_1599,NAN
TEST_1600,NAN
TEST_1601,NAN
TEST_1602,NAN
TEST_1603,NAN
TEST_1604,NAN
TEST_1605,NAN
TEST_1606,NAN
TEST_1607,NAN
TEST_1608,NAN
TEST_1609,NAN
TEST_1610,NAN
TEST_1611,NAN
TEST_1612,NAN
TEST_1613,NAN
TEST_1614,NAN
TEST_1615,NAN
TEST_1616,NAN
TEST_1617,NAN
TEST_1618,NAN
TEST_1619,NAN
TEST_1620,NAN
TEST_1621,NAN
TEST_1622,NAN
TEST_1623,NAN
TEST_1624,NAN
TEST_1625,NAN
TEST_1626,NAN
TEST_1627,NAN
TEST_1628,NAN
TEST_1629,NAN
TEST_1630,NAN
TEST_1631,NAN
TEST_1632,NAN
TEST_1633,NAN
TEST_1634,NAN
TEST_1635,NAN
TEST_1636,NAN
TEST_1637,NAN
TEST_1638,NAN
TEST_1639,NAN
TEST_1640,NAN
TEST_1641,NAN
TEST_1642,NAN
TEST_1643,NAN
TEST_1644,NAN
TEST_1645,NAN
TEST_1646,NAN
TEST_1647,NAN
TEST_1648,NAN
TEST_1649,NAN
TEST_1650,NAN
TEST_1651,NAN
TEST_1652,NAN
TEST_1653,NAN
TEST_1654,NAN
TEST_1655,NAN
TEST_1656,NAN
TEST_1657,NAN
TEST_1658,NAN
TEST_1659,NAN
TEST_1660,NAN
TEST_1661,NAN
TEST_1662,NAN
TEST_1663,NAN
TEST_1664,NAN
TEST_1665,NAN
TEST_1666,NAN
TEST_1667,NAN
TEST_1668,NAN
TEST_1669,NAN
TEST_1670,NAN
TEST_1671,NAN
TEST_1672,NAN
TEST_1673,NAN
TEST_1674,NAN
TEST_1675,NAN
TEST_1676,NAN
TEST_1677,NAN
TEST_1678,NAN
TEST_1679,NAN
TEST_1680,NAN
TEST_1681,NAN
TEST_1682,NAN
TEST_1683,NAN
TEST_1684,NAN
TEST_1685,NAN
TEST_1686,NAN
TEST_1687,NAN
TEST_1688,NAN
TEST_1689,NAN
TEST_1690,NAN
TEST_1691,NAN
TEST_1692,NAN
TEST_1693,NAN
TEST_1694,NAN
TEST_1695,NAN
TEST_1696,NAN
TEST_1697,NAN
TEST_1698,NAN
TEST_1699,NAN
TEST_1700,NAN
TEST_1701,NAN
TEST_1702,NAN
TEST_1703,NAN
TEST_1704,NAN
TEST_1705,NAN
TEST_1706,NAN
TEST_1707,NAN
TEST_1708,NAN
TEST_1709,NAN
TEST_1710,NAN
TEST_1711,NAN
TEST_1712,NAN
TEST_1713,NAN
TEST_1714,NAN
TEST_1715,NAN
TEST_1716,NAN
TEST_1717,NAN
TEST_1718,NAN
TEST_1719,NAN
TEST_1720,NAN
TEST_1721,NAN
TEST_1722,NAN
TEST_1723,NAN
TEST_1724,NAN
TEST_1725,NAN
TEST_1726,NAN
TEST_1727,NAN
TEST_1728,NAN
TEST_1729,NAN
TEST_1730,NAN
TEST_1731,NAN
TEST_1732,NAN
TEST_1733,NAN
TEST_1734,NAN
TEST_1735,NAN
TEST_1736,NAN
TEST_1737,NAN
TEST_1738,NAN
TEST_1739,NAN
TEST_1740,NAN
TEST_1741,NAN
TEST_1742,NAN
TEST_1743,NAN
TEST_1744,NAN
TEST_1745,NAN
TEST_1746,NAN
TEST_1747,NAN
TEST_1748,NAN
TEST_1749,NAN
TEST_1750,NAN
TEST_1751,NAN
TEST_1752,NAN
TEST_1753,NAN
TEST_1754,NAN
TEST_1755,NAN
TEST_1756,NAN
TEST_1757,NAN
TEST_1758,NAN
TEST_1759,NAN
TEST_1760,NAN
TEST_1761,NAN
TEST_1762,NAN
TEST_1763,NAN
TEST_1764,NAN
TEST_1765,NAN
TEST_1766,NAN
TEST_1767,NAN
TEST_1768,NAN
TEST_1769,NAN
TEST_1770,NAN
TEST_1771,NAN
TEST_1772,NAN
TEST_1773,NAN
TEST_1774,NAN
TEST_1775,NAN
TEST_1776,NAN
TEST_1777,NAN
TEST_1778,NAN
TEST_1779,NAN
TEST_1780,NAN
TEST_1781,NAN
TEST_1782,NAN
TEST_1783,NAN
TEST_1784,NAN
TEST_1785,NAN
TEST_1786,NAN
TEST_1787,NAN
TEST_1788,NAN
TEST_1789,NAN
TEST_1790,NAN
TEST_1791,NAN
TEST_1792,NAN
TEST_1793,NAN
TEST_1794,NAN
TEST_1795,NAN
TEST_1796,NAN
TEST_1797,NAN
TEST_1798,NAN
TEST_1799,NAN
TEST_1800,NAN
TEST_1801,NAN
TEST_1802,NAN
TEST_1803,NAN
TEST_1804,NAN
TEST_1805,NAN
TEST_1806,NAN
TEST_1807,NAN
TEST_1808,NAN
TEST_1809,NAN
TEST_1810,NAN
TEST_1811,NAN
TEST_1812,NAN
TEST_1813,NAN
TEST_1814,NAN
TEST_1815,NAN
TEST_1816,NAN
TEST_1817,NAN
TEST_1818,NAN
TEST_1819,NAN
TEST_1820,NAN
TEST_1821,NAN
TEST_1822,NAN
TEST_1823,NAN
TEST_1824,NAN
TEST_1825,NAN
TEST_1826,NAN
TEST_1827,NAN
TEST_1828,NAN
TEST_1829,NAN
TEST_1830,NAN
TEST_1831,NAN
TEST_1832,NAN
TEST_1833,NAN
TEST_1834,NAN
TEST_1835,NAN
TEST_1836,NAN
TEST_1837,NAN
TEST_1838,NAN
TEST_1839,NAN
TEST_1840,NAN
TEST_1841,NAN
TEST_1842,NAN
TEST_1843,NAN
TEST_1844,NAN
TEST_1845,NAN
TEST_1846,NAN
TEST_1847,NAN
TEST_1848,NAN
TEST_1849,NAN
TEST_1850,NAN
TEST_1851,NAN
TEST_1852,NAN
TEST_1853,NAN
TEST_1854,NAN
TEST_1855,NAN
TEST_1856,NAN
TEST_1857,NAN
TEST_1858,NAN
TEST_1859,NAN
TEST_1860,NAN
TEST_1861,NAN
TEST_1862,NAN
TEST_1863,NAN
TEST_1864,NAN
TEST_1865,NAN
TEST_1866,NAN
TEST_1867,NAN
TEST_1868,NAN
TEST_1869,NAN
TEST_1870,NAN
TEST_1871,NAN
TEST_1872,NAN
TEST_1873,NAN
TEST_1874,NAN
TEST_1875,NAN
TEST_1876,NAN
TEST_1877,NAN
TEST_1878,NAN
TEST_1879,NAN
TEST_1880,NAN
TEST_1881,NAN
TEST_1882,NAN
TEST_1883,NAN
TEST_1884,NAN
TEST_1885,NAN
TEST_1886,NAN
TEST_1887,NAN
TEST_1888,NAN
TEST_1889,NAN
TEST_1890,NAN
TEST_1891,NAN
TEST_1892,NAN
TEST_1893,NAN
TEST_1894,NAN
TEST_1895,NAN
TEST_1896,NAN
TEST_1897,NAN
TEST_1898,NAN
TEST_1899,NAN
TEST_1900,NAN
TEST_1901,NAN
TEST_1902,NAN
TEST_1903,NAN
TEST_1904,NAN
TEST_1905,NAN
TEST_1906,NAN
TEST_1907,NAN
TEST_1908,NAN
TEST_1909,NAN
TEST_1910,NAN
TEST_1911,NAN
TEST_1912,NAN
TEST_1913,NAN
TEST_1914,NAN
TEST_1915,NAN
TEST_1916,NAN
TEST_1917,NAN
TEST_1918,NAN
TEST_1919,NAN
TEST_1920,NAN
TEST_1921,NAN
TEST_1922,NAN
TEST_1923,NAN
TEST_1924,NAN
TEST_1925,NAN
TEST_1926,NAN
TEST_1927,NAN
TEST_1928,NAN
TEST_1929,NAN
TEST_1930,NAN
TEST_1931,NAN
TEST_1932,NAN
TEST_1933,NAN
TEST_1934,NAN
TEST_1935,NAN
TEST_1936,NAN
TEST_1937,NAN
TEST_1938,NAN
TEST_1939,NAN
TEST_1940,NAN
TEST_1941,NAN
TEST_1942,NAN
TEST_1943,NAN
TEST_1944,NAN
TEST_1945,NAN
TEST_1946,NAN
TEST_1947,NAN
TEST_1948,NAN
TEST_1949,NAN
TEST_1950,NAN
TEST_1951,NAN
TEST_1952,NAN
TEST_1953,NAN
TEST_1954,NAN
TEST_1955,NAN
TEST_1956,NAN
TEST_1957,NAN
TEST_1958,NAN
TEST_1959,NAN
TEST_1960,NAN
TEST_1961,NAN
TEST_1962,NAN
TEST_1963,NAN
TEST_1964,NAN
TEST_1965,NAN
TEST_1966,NAN
TEST_1967,NAN
TEST_1968,NAN
TEST_1969,NAN
TEST_1970,NAN
TEST_1971,NAN
TEST_1972,NAN
TEST_1973,NAN
TEST_1974,NAN
TEST_1975,NAN
TEST_1976,NAN
TEST_1977,NAN
TEST_1978,NAN
TEST_1979,NAN
TEST_1980,NAN
TEST_1981,NAN
TEST_1982,NAN
TEST_1983,NAN
TEST_1984,NAN
TEST_1985,NAN
TEST_1986,NAN
TEST_1987,NAN
TEST_1988,NAN
TEST_1989,NAN
TEST_1990,NAN
TEST_1991,NAN
TEST_1992,NAN
TEST_1993,NAN
TEST_1994,NAN
TEST_1995,NAN
TEST_1996,NAN
TEST_1997,NAN
TEST_1998,NAN
TEST_1999,NAN
TEST_2000,NAN
TEST_2001,NAN
TEST_2002,NAN
TEST_2003,NAN
TEST_2004,NAN
TEST_2005,NAN
TEST_2006,NAN
TEST_2007,NAN
TEST_2008,NAN
TEST_2009,NAN
TEST_2010,NAN
TEST_2011,NAN
TEST_2012,NAN
TEST_2013,NAN
TEST_2014,NAN
TEST_2015,NAN
TEST_2016,NAN
TEST_2017,NAN
TEST_2018,NAN
TEST_2019,NAN
TEST_2020,NAN
TEST_2021,NAN
TEST_2022,NAN
TEST_2023,NAN
TEST_2024,NAN
TEST_2025,NAN
TEST_2026,NAN
TEST_2027,NAN
TEST_2028,NAN
TEST_2029,NAN
TEST_2030,NAN
TEST_2031,NAN
TEST_2032,NAN
TEST_2033,NAN
TEST_2034,NAN
TEST_2035,NAN
TEST_2036,NAN
TEST_2037,NAN
TEST_2038,NAN
TEST_2039,NAN
TEST_2040,NAN
TEST_2041,NAN
TEST_2042,NAN
TEST_2043,NAN
TEST_2044,NAN
TEST_2045,NAN
TEST_2046,NAN
TEST_2047,NAN
TEST_2048,NAN
TEST_2049,NAN
TEST_2050,NAN
TEST_2051,NAN
TEST_2052,NAN
TEST_2053,NAN
TEST_2054,NAN
TEST_2055,NAN
TEST_2056,NAN
TEST_2057,NAN
TEST_2058,NAN
TEST_2059,NAN
TEST_2060,NAN
TEST_2061,NAN
TEST_2062,NAN
TEST_2063,NAN
TEST_2064,NAN
TEST_2065,NAN
TEST_2066,NAN
TEST_2067,NAN
TEST_2068,NAN
TEST_2069,NAN
TEST_2070,NAN
TEST_2071,NAN
TEST_2072,NAN
TEST_2073,NAN
TEST_2074,NAN
TEST_2075,NAN
TEST_2076,NAN
TEST_2077,NAN
TEST_2078,NAN
TEST_2079,NAN
TEST_2080,NAN
TEST_2081,NAN
TEST_2082,NAN
TEST_2083,NAN
TEST_2084,NAN
TEST_2085,NAN
TEST_2086,NAN
TEST_2087,NAN
TEST_2088,NAN
TEST_2089,NAN
TEST_2090,NAN
TEST_2091,NAN
TEST_2092,NAN
TEST_2093,NAN
TEST_2094,NAN
TEST_2095,NAN
TEST_2096,NAN
TEST_2097,NAN
TEST_2098,NAN
TEST_2099,NAN
TEST_2100,NAN
TEST_2101,NAN
TEST_2102,NAN
TEST_2103,NAN
TEST_2104,NAN
TEST_2105,NAN
TEST_2106,NAN
TEST_2107,NAN
TEST_2108,NAN
TEST_2109,NAN
TEST_2110,NAN
TEST_2111,NAN
TEST_2112,NAN
TEST_2113,NAN
TEST_2114,NAN
TEST_2115,NAN
TEST_2116,NAN
TEST_2117,NAN
TEST_2118,NAN
TEST_2119,NAN
TEST_2120,NAN
TEST_2121,NAN
TEST_2122,NAN
TEST_2123,NAN
TEST_2124,NAN
TEST_2125,NAN
TEST_2126,NAN
TEST_2127,NAN
TEST_2128,NAN
TEST_2129,NAN
TEST_2130,NAN
TEST_2131,NAN
TEST_2132,NAN
TEST_2133,NAN
TEST_2134,NAN
TEST_2135,NAN
TEST_2136,NAN
TEST_2137,NAN
TEST_2138,NAN
TEST_2139,NAN
TEST_2140,NAN
TEST_2141,NAN
TEST_2142,NAN
TEST_2143,NAN
TEST_2144,NAN
TEST_2145,NAN
TEST_2146,NAN
TEST_2147,NAN
TEST_2148,NAN
TEST_2149,NAN
TEST_2150,NAN
TEST_2151,NAN
TEST_2152,NAN
TEST_2153,NAN
TEST_2154,NAN
TEST_2155,NAN
TEST_2156,NAN
TEST_2157,NAN
TEST_2158,NAN
TEST_2159,NAN
TEST_2160,NAN
TEST_2161,NAN
TEST_2162,NAN
TEST_2163,NAN
TEST_2164,NAN
TEST_2165,NAN
TEST_2166,NAN
TEST_2167,NAN
TEST_2168,NAN
TEST_2169,NAN
TEST_2170,NAN
TEST_2171,NAN
TEST_2172,NAN
TEST_2173,NAN
TEST_2174,NAN
TEST_2175,NAN
TEST_2176,NAN
TEST_2177,NAN
TEST_2178,NAN
TEST_2179,NAN
TEST_2180,NAN
TEST_2181,NAN
TEST_2182,NAN
TEST_2183,NAN
TEST_2184,NAN
TEST_2185,NAN
TEST_2186,NAN
TEST_2187,NAN
TEST_2188,NAN
TEST_2189,NAN
TEST_2190,NAN
TEST_2191,NAN
TEST_2192,NAN
TEST_2193,NAN
TEST_2194,NAN
TEST_2195,NAN
TEST_2196,NAN
TEST_2197,NAN
TEST_2198,NAN
TEST_2199,NAN
TEST_2200,NAN
TEST_2201,NAN
TEST_2202,NAN
TEST_2203,NAN
TEST_2204,NAN
TEST_2205,NAN
TEST_2206,NAN
TEST_2207,NAN
TEST_2208,NAN
TEST_2209,NAN
TEST_2210,NAN
TEST_2211,NAN
TEST_2212,NAN
TEST_2213,NAN
TEST_2214,NAN
TEST_2215,NAN
TEST_2216,NAN
TEST_2217,NAN
TEST_2218,NAN
TEST_2219,NAN
TEST_2220,NAN
TEST_2221,NAN
TEST_2222,NAN
TEST_2223,NAN
TEST_2224,NAN
TEST_2225,NAN
TEST_2226,NAN
TEST_2227,NAN
TEST_2228,NAN
TEST_2229,NAN
TEST_2230,NAN
TEST_2231,NAN
TEST_2232,NAN
TEST_2233,NAN
TEST_2234,NAN
TEST_2235,NAN
TEST_2236,NAN
TEST_2237,NAN
TEST_2238,NAN
TEST_2239,NAN
TEST_2240,NAN
TEST_2241,NAN
TEST_2242,NAN
TEST_2243,NAN
TEST_2244,NAN
TEST_2245,NAN
TEST_2246,NAN
TEST_2247,NAN
TEST_2248,NAN
TEST_2249,NAN
TEST_2250,NAN
TEST_2251,NAN
TEST_2252,NAN
TEST_2253,NAN
TEST_2254,NAN
TEST_2255,NAN
TEST_2256,NAN
TEST_2257,NAN
TEST_2258,NAN
TEST_2259,NAN
TEST_2260,NAN
TEST_2261,NAN
TEST_2262,NAN
TEST_2263,NAN
TEST_2264,NAN
TEST_2265,NAN
TEST_2266,NAN
TEST_2267,NAN
TEST_2268,NAN
TEST_2269,NAN
TEST_2270,NAN
TEST_2271,NAN
TEST_2272,NAN
TEST_2273,NAN
TEST_2274,NAN
TEST_2275,NAN
TEST_2276,NAN
TEST_2277,NAN
TEST_2278,NAN
TEST_2279,NAN
TEST_2280,NAN
TEST_2281,NAN
TEST_2282,NAN
TEST_2283,NAN
TEST_2284,NAN
TEST_2285,NAN
TEST_2286,NAN
TEST_2287,NAN
TEST_2288,NAN
TEST_2289,NAN
TEST_2290,NAN
TEST_2291,NAN
TEST_2292,NAN
TEST_2293,NAN
TEST_2294,NAN
TEST_2295,NAN
TEST_2296,NAN
TEST_2297,NAN
TEST_2298,NAN
TEST_2299,NAN
TEST_2300,NAN
TEST_2301,NAN
TEST_2302,NAN
TEST_2303,NAN
TEST_2304,NAN
TEST_2305,NAN
TEST_2306,NAN
TEST_2307,NAN
TEST_2308,NAN
TEST_2309,NAN
TEST_2310,NAN
TEST_2311,NAN
TEST_2312,NAN
TEST_2313,NAN
TEST_2314,NAN
TEST_2315,NAN
TEST_2316,NAN
TEST_2317,NAN
TEST_2318,NAN
TEST_2319,NAN
TEST_2320,NAN
TEST_2321,NAN
TEST_2322,NAN
TEST_2323,NAN
TEST_2324,NAN
TEST_2325,NAN
TEST_2326,NAN
TEST_2327,NAN
TEST_2328,NAN
TEST_2329,NAN
TEST_2330,NAN
TEST_2331,NAN
TEST_2332,NAN
TEST_2333,NAN
TEST_2334,NAN
TEST_2335,NAN
TEST_2336,NAN
TEST_2337,NAN
TEST_2338,NAN
TEST_2339,NAN
TEST_2340,NAN
TEST_2341,NAN
TEST_2342,NAN
TEST_2343,NAN
TEST_2344,NAN
TEST_2345,NAN
TEST_2346,NAN
TEST_2347,NAN
TEST_2348,NAN
TEST_2349,NAN
TEST_2350,NAN
TEST_2351,NAN
TEST_2352,NAN
TEST_2353,NAN
TEST_2354,NAN
TEST_2355,NAN
TEST_2356,NAN
TEST_2357,NAN
TEST_2358,NAN
TEST_2359,NAN
TEST_2360,NAN
TEST_2361,NAN
TEST_2362,NAN
TEST_2363,NAN
TEST_2364,NAN
TEST_2365,NAN
TEST_2366,NAN
TEST_2367,NAN
TEST_2368,NAN
TEST_2369,NAN
TEST_2370,NAN
TEST_2371,NAN
TEST_2372,NAN
TEST_2373,NAN
TEST_2374,NAN
TEST_2375,NAN
TEST_2376,NAN
TEST_2377,NAN
TEST_2378,NAN
TEST_2379,NAN
TEST_2380,NAN
TEST_2381,NAN
TEST_2382,NAN
TEST_2383,NAN
TEST_2384,NAN
TEST_2385,NAN
TEST_2386,NAN
TEST_2387,NAN
TEST_2388,NAN
TEST_2389,NAN
TEST_2390,NAN
TEST_2391,NAN
TEST_2392,NAN
TEST_2393,NAN
TEST_2394,NAN
TEST_2395,NAN
TEST_2396,NAN
TEST_2397,NAN
TEST_2398,NAN
TEST_2399,NAN
TEST_2400,NAN
TEST_2401,NAN
TEST_2402,NAN
TEST_2403,NAN
TEST_2404,NAN
TEST_2405,NAN
TEST_2406,NAN
TEST_2407,NAN
TEST_2408,NAN
TEST_2409,NAN
TEST_2410,NAN
TEST_2411,NAN
TEST_2412,NAN
TEST_2413,NAN
TEST_2414,NAN
TEST_2415,NAN
TEST_2416,NAN
TEST_2417,NAN
TEST_2418,NAN
TEST_2419,NAN
TEST_2420,NAN
TEST_2421,NAN
TEST_2422,NAN
TEST_2423,NAN
TEST_2424,NAN
TEST_2425,NAN
TEST_2426,NAN
TEST_2427,NAN
TEST_2428,NAN
TEST_2429,NAN
TEST_2430,NAN
TEST_2431,NAN
TEST_2432,NAN
TEST_2433,NAN
TEST_2434,NAN
TEST_2435,NAN
TEST_2436,NAN
TEST_2437,NAN
TEST_2438,NAN
TEST_2439,NAN
TEST_2440,NAN
TEST_2441,NAN
TEST_2442,NAN
TEST_2443,NAN
TEST_2444,NAN
TEST_2445,NAN
TEST_2446,NAN
TEST_2447,NAN
TEST_2448,NAN
TEST_2449,NAN
TEST_2450,NAN
TEST_2451,NAN
TEST_2452,NAN
TEST_2453,NAN
TEST_2454,NAN
TEST_2455,NAN
TEST_2456,NAN
TEST_2457,NAN
TEST_2458,NAN
TEST_2459,NAN
TEST_2460,NAN
TEST_2461,NAN
TEST_2462,NAN
TEST_2463,NAN
TEST_2464,NAN
TEST_2465,NAN
TEST_2466,NAN
TEST_2467,NAN
TEST_2468,NAN
TEST_2469,NAN
TEST_2470,NAN
TEST_2471,NAN
TEST_2472,NAN
TEST_2473,NAN
TEST_2474,NAN
TEST_2475,NAN
TEST_2476,NAN
TEST_2477,NAN
TEST_2478,NAN
TEST_2479,NAN
TEST_2480,NAN
TEST_2481,NAN
TEST_2482,NAN
TEST_2483,NAN
TEST_2484,NAN
TEST_2485,NAN
TEST_2486,NAN
TEST_2487,NAN
TEST_2488,NAN
TEST_2489,NAN
TEST_2490,NAN
TEST_2491,NAN
TEST_2492,NAN
TEST_2493,NAN
TEST_2494,NAN
TEST_2495,NAN
TEST_2496,NAN
TEST_2497,NAN
TEST_2498,NAN
TEST_2499,NAN
TEST_2500,NAN
TEST_2501,NAN
TEST_2502,NAN
TEST_2503,NAN
TEST_2504,NAN
TEST_2505,NAN
TEST_2506,NAN
TEST_2507,NAN
TEST_2508,NAN
TEST_2509,NAN
TEST_2510,NAN
TEST_2511,NAN
TEST_2512,NAN
TEST_2513,NAN
TEST_2514,NAN
TEST_2515,NAN
TEST_2516,NAN
TEST_2517,NAN
TEST_2518,NAN
TEST_2519,NAN
TEST_2520,NAN
TEST_2521,NAN
TEST_2522,NAN
TEST_2523,NAN
TEST_2524,NAN
TEST_2525,NAN
TEST_2526,NAN
TEST_2527,NAN
TEST_2528,NAN
TEST_2529,NAN
TEST_2530,NAN
TEST_2531,NAN
TEST_2532,NAN
TEST_2533,NAN
TEST_2534,NAN
TEST_2535,NAN
TEST_2536,NAN
TEST_2537,NAN
TEST_2538,NAN
TEST_2539,NAN
TEST_2540,NAN
TEST_2541,NAN
TEST_2542,NAN
TEST_2543,NAN
TEST_2544,NAN
TEST_2545,NAN
TEST_2546,NAN
TEST_2547,NAN
TEST_2548,NAN
TEST_2549,NAN
TEST_2550,NAN
TEST_2551,NAN
TEST_2552,NAN
TEST_2553,NAN
TEST_2554,NAN
TEST_2555,NAN
TEST_2556,NAN
TEST_2557,NAN
TEST_2558,NAN
TEST_2559,NAN
TEST_2560,NAN
TEST_2561,NAN
TEST_2562,NAN
TEST_2563,NAN
TEST_2564,NAN
TEST_2565,NAN
TEST_2566,NAN
TEST_2567,NAN
TEST_2568,NAN
TEST_2569,NAN
TEST_2570,NAN
TEST_2571,NAN
TEST_2572,NAN
TEST_2573,NAN
TEST_2574,NAN
TEST_2575,NAN
TEST_2576,NAN
TEST_2577,NAN
TEST_2578,NAN
TEST_2579,NAN
TEST_2580,NAN
TEST_2581,NAN
TEST_2582,NAN
TEST_2583,NAN
TEST_2584,NAN
TEST_2585,NAN
TEST_2586,NAN
TEST_2587,NAN
TEST_2588,NAN
TEST_2589,NAN
TEST_2590,NAN
TEST_2591,NAN
TEST_2592,NAN
TEST_2593,NAN
TEST_2594,NAN
TEST_2595,NAN
TEST_2596,NAN
TEST_2597,NAN
TEST_2598,NAN
TEST_2599,NAN
TEST_2600,NAN
TEST_2601,NAN
TEST_2602,NAN
TEST_2603,NAN
TEST_2604,NAN
TEST_2605,NAN
TEST_2606,NAN
TEST_2607,NAN
TEST_2608,NAN
TEST_2609,NAN
